[
  {
    "id": "85d72732-ce55-448e-b6d0-6f6d32c13f71",
    "data": [
      {
        "text": "hii",
        "userDefined": false
      }
    ],
    "isTemplate": false,
    "count": 0,
    "updated": 1530091257
  },
  {
    "id": "b8f996d0-3f9f-482c-9deb-c83d5450c7e6",
    "data": [
      {
        "text": "hey",
        "userDefined": false
      }
    ],
    "isTemplate": false,
    "count": 0,
    "updated": 1530091257
  },
  {
    "id": "39a277f2-4a7b-49d8-b841-eed8c57b26d2",
    "data": [
      {
        "text": "hello",
        "userDefined": false
      }
    ],
    "isTemplate": false,
    "count": 0,
    "updated": 1530091257
  },
  {
    "id": "35e58fdf-7af5-459d-9f62-02a943dfe817",
    "data": [
      {
        "text": "hi",
        "userDefined": false
      }
    ],
    "isTemplate": false,
    "count": 0,
    "updated": 1530091257
  }
]