[
  {
    "id": "05a3fdfc-19b0-44eb-85d9-f03a4296f900",
    "data": [
      {
        "text": "hii",
        "userDefined": false
      }
    ],
    "isTemplate": false,
    "count": 0,
    "updated": 1529381457
  },
  {
    "id": "ce13e8ec-302e-400b-aa0b-919260faa188",
    "data": [
      {
        "text": "yo",
        "userDefined": false
      }
    ],
    "isTemplate": false,
    "count": 0,
    "updated": 1529381457
  },
  {
    "id": "a033f0be-4b9f-413e-8da7-280a6e803ce4",
    "data": [
      {
        "text": "namasthe",
        "userDefined": false
      }
    ],
    "isTemplate": false,
    "count": 0,
    "updated": 1529381457
  },
  {
    "id": "a1c7dcb4-7b84-42c4-916e-be40aefc673d",
    "data": [
      {
        "text": "hello",
        "userDefined": false
      }
    ],
    "isTemplate": false,
    "count": 0,
    "updated": 1529381457
  },
  {
    "id": "ca3a3868-c6f2-4f74-8971-9493ebf65db7",
    "data": [
      {
        "text": "hi",
        "userDefined": false
      }
    ],
    "isTemplate": false,
    "count": 0,
    "updated": 1529381457
  }
]